{
    "name": "root",
    "gauges": {
        "Evader.Policy.Entropy.mean": {
            "value": 1.3651071786880493,
            "min": 1.3651071786880493,
            "max": 1.4258118867874146,
            "count": 20
        },
        "Evader.Policy.Entropy.sum": {
            "value": 68285.390625,
            "min": 68285.390625,
            "max": 214382.390625,
            "count": 20
        },
        "Evader.Step.mean": {
            "value": 999951.0,
            "min": 49942.0,
            "max": 999951.0,
            "count": 20
        },
        "Evader.Step.sum": {
            "value": 999951.0,
            "min": 49942.0,
            "max": 999951.0,
            "count": 20
        },
        "Evader.Policy.ExtrinsicValueEstimate.mean": {
            "value": -711.88037109375,
            "min": -786.072998046875,
            "max": 0.6142109036445618,
            "count": 20
        },
        "Evader.Policy.ExtrinsicValueEstimate.sum": {
            "value": -798729.75,
            "min": -997526.625,
            "max": 498.12506103515625,
            "count": 20
        },
        "Evader.Environment.EpisodeLength.mean": {
            "value": 95.04423076923077,
            "min": 76.56751163993792,
            "max": 596.1204819277109,
            "count": 20
        },
        "Evader.Environment.EpisodeLength.sum": {
            "value": 49423.0,
            "min": 48807.0,
            "max": 148311.0,
            "count": 20
        },
        "Evader.Self-play.ELO.mean": {
            "value": 887.0659147337268,
            "min": 887.0659147337268,
            "max": 1187.236706061557,
            "count": 20
        },
        "Evader.Self-play.ELO.sum": {
            "value": 461274.27566153795,
            "min": 98540.64660310923,
            "max": 579241.0431697567,
            "count": 20
        },
        "Evader.Environment.CumulativeReward.mean": {
            "value": -1022.7118166244946,
            "min": -1023.2004037712918,
            "max": 112.60341235564415,
            "count": 20
        },
        "Evader.Environment.CumulativeReward.sum": {
            "value": -531810.1446447372,
            "min": -631830.9954953194,
            "max": 9346.083225518465,
            "count": 20
        },
        "Evader.Policy.ExtrinsicReward.mean": {
            "value": -1022.7118166244946,
            "min": -1023.2004037712918,
            "max": 112.60341235564415,
            "count": 20
        },
        "Evader.Policy.ExtrinsicReward.sum": {
            "value": -531810.1446447372,
            "min": -631830.9954953194,
            "max": 9346.083225518465,
            "count": 20
        },
        "Evader.Losses.PolicyLoss.mean": {
            "value": 0.03212727715416501,
            "min": 0.03153458158796032,
            "max": 0.036024421510390106,
            "count": 20
        },
        "Evader.Losses.PolicyLoss.sum": {
            "value": 0.32127277154165007,
            "min": 0.2858115398014585,
            "max": 0.3586154014648249,
            "count": 20
        },
        "Evader.Losses.ValueLoss.mean": {
            "value": 1850.6924263509118,
            "min": 663.1758159496167,
            "max": 10648.772385886863,
            "count": 20
        },
        "Evader.Losses.ValueLoss.sum": {
            "value": 18506.924263509118,
            "min": 5968.58234354655,
            "max": 102947.1407796224,
            "count": 20
        },
        "Evader.Policy.LearningRate.mean": {
            "value": 7.00563766482e-06,
            "min": 7.00563766482e-06,
            "max": 0.0002922703359098889,
            "count": 20
        },
        "Evader.Policy.LearningRate.sum": {
            "value": 7.00563766482e-05,
            "min": 7.00563766482e-05,
            "max": 0.0027759351746882996,
            "count": 20
        },
        "Evader.Policy.Epsilon.mean": {
            "value": 0.10233518000000001,
            "min": 0.10233518000000001,
            "max": 0.19742344444444443,
            "count": 20
        },
        "Evader.Policy.Epsilon.sum": {
            "value": 1.0233518000000001,
            "min": 1.0233518000000001,
            "max": 1.9253117,
            "count": 20
        },
        "Evader.Policy.Beta.mean": {
            "value": 0.00012652548200000002,
            "min": 0.00012652548200000002,
            "max": 0.004871429877777778,
            "count": 20
        },
        "Evader.Policy.Beta.sum": {
            "value": 0.0012652548200000001,
            "min": 0.0012652548200000001,
            "max": 0.04627305383,
            "count": 20
        },
        "Evader.IsTraining.mean": {
            "value": 1.0,
            "min": 1.0,
            "max": 1.0,
            "count": 20
        },
        "Evader.IsTraining.sum": {
            "value": 1.0,
            "min": 1.0,
            "max": 1.0,
            "count": 20
        },
        "Pursuer.Policy.Entropy.mean": {
            "value": 1.098331332206726,
            "min": 1.098331332206726,
            "max": 1.4171494245529175,
            "count": 20
        },
        "Pursuer.Policy.Entropy.sum": {
            "value": 54888.01171875,
            "min": 54888.01171875,
            "max": 213031.578125,
            "count": 20
        },
        "Pursuer.Environment.EpisodeLength.mean": {
            "value": 70.46848137535817,
            "min": 70.46848137535817,
            "max": 511.1024734982332,
            "count": 20
        },
        "Pursuer.Environment.EpisodeLength.sum": {
            "value": 49187.0,
            "min": 49108.0,
            "max": 148173.0,
            "count": 20
        },
        "Pursuer.Step.mean": {
            "value": 999946.0,
            "min": 49961.0,
            "max": 999946.0,
            "count": 20
        },
        "Pursuer.Step.sum": {
            "value": 999946.0,
            "min": 49961.0,
            "max": 999946.0,
            "count": 20
        },
        "Pursuer.Policy.ExtrinsicValueEstimate.mean": {
            "value": 797.1517944335938,
            "min": 37.64390563964844,
            "max": 810.2716064453125,
            "count": 20
        },
        "Pursuer.Policy.ExtrinsicValueEstimate.sum": {
            "value": 1014774.25,
            "min": 30830.359375,
            "max": 1077114.75,
            "count": 20
        },
        "Pursuer.Self-play.ELO.mean": {
            "value": 1728.182577321867,
            "min": 1245.6117142303267,
            "max": 1728.182577321867,
            "count": 20
        },
        "Pursuer.Self-play.ELO.sum": {
            "value": 1206271.4389706631,
            "min": 125806.783137263,
            "max": 1206271.4389706631,
            "count": 20
        },
        "Pursuer.Environment.CumulativeReward.mean": {
            "value": 1015.0127457521845,
            "min": 329.07801191405497,
            "max": 1017.6937004827927,
            "count": 20
        },
        "Pursuer.Environment.CumulativeReward.sum": {
            "value": 709493.909280777,
            "min": 33236.87920331955,
            "max": 709493.909280777,
            "count": 20
        },
        "Pursuer.Policy.ExtrinsicReward.mean": {
            "value": 1015.0127457521845,
            "min": 329.07801191405497,
            "max": 1017.6937004827927,
            "count": 20
        },
        "Pursuer.Policy.ExtrinsicReward.sum": {
            "value": 709493.909280777,
            "min": 33236.87920331955,
            "max": 709493.909280777,
            "count": 20
        },
        "Pursuer.Losses.PolicyLoss.mean": {
            "value": 0.03130686032430579,
            "min": 0.03130686032430579,
            "max": 0.03800208104981316,
            "count": 20
        },
        "Pursuer.Losses.PolicyLoss.sum": {
            "value": 0.3130686032430579,
            "min": 0.2902694182315221,
            "max": 0.35544448387809097,
            "count": 20
        },