{
    "name": "root",
    "gauges": {
        "Pursuer.Policy.Entropy.mean": {
            "value": 1.4757802486419678,
            "min": 1.434117078781128,
            "max": 1.4813387393951416,
            "count": 20
        },
        "Pursuer.Policy.Entropy.sum": {
            "value": 73617.8203125,
            "min": 71969.734375,
            "max": 222544.609375,
            "count": 20
        },
        "Pursuer.Step.mean": {
            "value": 999938.0,
            "min": 49997.0,
            "max": 999938.0,
            "count": 20
        },
        "Pursuer.Step.sum": {
            "value": 999938.0,
            "min": 49997.0,
            "max": 999938.0,
            "count": 20
        },
        "Pursuer.Policy.ExtrinsicValueEstimate.mean": {
            "value": 166.22372436523438,
            "min": -152.09765625,
            "max": 194.53036499023438,
            "count": 20
        },
        "Pursuer.Policy.ExtrinsicValueEstimate.sum": {
            "value": 132480.3125,
            "min": -122742.8125,
            "max": 157180.53125,
            "count": 20
        },
        "Pursuer.Environment.EpisodeLength.mean": {
            "value": 1329.0,
            "min": 769.5692307692308,
            "max": 1329.0,
            "count": 20
        },
        "Pursuer.Environment.EpisodeLength.sum": {
            "value": 46515.0,
            "min": 46515.0,
            "max": 146222.0,
            "count": 20
        },
        "Pursuer.Self-play.ELO.mean": {
            "value": 1367.5562636957595,
            "min": 1139.6043157266652,
            "max": 1367.5562636957595,
            "count": 20
        },
        "Pursuer.Self-play.ELO.sum": {
            "value": 47864.46922935158,
            "min": 47864.46922935158,
            "max": 81467.65196939667,
            "count": 20
        },
        "Pursuer.Environment.CumulativeReward.mean": {
            "value": 1953.559780808006,
            "min": -704.5244692770971,
            "max": 1953.559780808006,
            "count": 20
        },
        "Pursuer.Environment.CumulativeReward.sum": {
            "value": 68374.59232828021,
            "min": -38044.321340963244,
            "max": 86257.8831602633,
            "count": 20
        },
        "Pursuer.Policy.ExtrinsicReward.mean": {
            "value": 1953.559780808006,
            "min": -704.5244692770971,
            "max": 1953.559780808006,
            "count": 20
        },
        "Pursuer.Policy.ExtrinsicReward.sum": {
            "value": 68374.59232828021,
            "min": -38044.321340963244,
            "max": 86257.8831602633,
            "count": 20
        },
        "Pursuer.Losses.PolicyLoss.mean": {
            "value": 0.03289381467081883,
            "min": 0.031325346293548745,
            "max": 0.03717433646476517,
            "count": 20
        },
        "Pursuer.Losses.PolicyLoss.sum": {
            "value": 0.29604433203736946,
            "min": 0.2819281166419387,
            "max": 0.37174336464765173,
            "count": 20
        },
        "Pursuer.Losses.ValueLoss.mean": {
            "value": 160.5688009897868,
            "min": 124.97026868184408,
            "max": 6116.117227737992,
            "count": 20
        },
        "Pursuer.Losses.ValueLoss.sum": {
            "value": 1445.1192089080812,
            "min": 1249.7026868184407,
            "max": 55045.055049641924,
            "count": 20
        },
        "Pursuer.Policy.LearningRate.mean": {
            "value": 7.358064214011109e-06,
            "min": 7.358064214011109e-06,
            "max": 0.00029226190257936665,
            "count": 20
        },
        "Pursuer.Policy.LearningRate.sum": {
            "value": 6.622257792609998e-05,
            "min": 6.622257792609998e-05,
            "max": 0.0027756516747827996,
            "count": 20
        },
        "Pursuer.Policy.Epsilon.mean": {
            "value": 0.10245265555555556,
            "min": 0.10245265555555556,
            "max": 0.19742063333333332,
            "count": 20
        },
        "Pursuer.Policy.Epsilon.sum": {
            "value": 0.9220739000000001,
            "min": 0.9220739000000001,
            "max": 1.9252172000000003,
            "count": 20
        },
        "Pursuer.Policy.Beta.mean": {
            "value": 0.00013238751222222216,
            "min": 0.00013238751222222216,
            "max": 0.004871289603333333,
            "count": 20
        },
        "Pursuer.Policy.Beta.sum": {
            "value": 0.0011914876099999995,
            "min": 0.0011914876099999995,
            "max": 0.04626833828,
            "count": 20
        },
        "Pursuer.IsTraining.mean": {
            "value": 1.0,
            "min": 1.0,
            "max": 1.0,
            "count": 20
        },
        "Pursuer.IsTraining.sum": {
            "value": 1.0,
            "min": 1.0,
            "max": 1.0,
            "count": 20
        },
        "Evader.Policy.Entropy.mean": {
            "value": 1.3962726593017578,
            "min": 1.3692299127578735,
            "max": 1.4185080528259277,
            "count": 20
        },
        "Evader.Policy.Entropy.sum": {
            "value": 69668.421875,
            "min": 68587.40625,
            "max": 213380.5,
            "count": 20
        },
        "Evader.Environment.EpisodeLength.mean": {
            "value": 1523.875,
            "min": 766.9076923076923,
            "max": 1523.875,
            "count": 20
        },
        "Evader.Environment.EpisodeLength.sum": {
            "value": 48764.0,
            "min": 48279.0,
            "max": 146658.0,
            "count": 20
        },
        "Evader.Step.mean": {
            "value": 999943.0,
            "min": 49993.0,
            "max": 999943.0,
            "count": 20
        },
        "Evader.Step.sum": {
            "value": 999943.0,
            "min": 49993.0,
            "max": 999943.0,
            "count": 20
        },
        "Evader.Policy.ExtrinsicValueEstimate.mean": {
            "value": -144.48284912109375,
            "min": -149.30026245117188,
            "max": 138.7574462890625,
            "count": 20
        },
        "Evader.Policy.ExtrinsicValueEstimate.sum": {
            "value": -115008.34375,
            "min": -120336.015625,
            "max": 111699.7421875,
            "count": 20
        },
        "Evader.Self-play.ELO.mean": {
            "value": 1104.542311574,
            "min": 1104.542311574,
            "max": 1253.4227026079918,
            "count": 20
        },
        "Evader.Self-play.ELO.sum": {
            "value": 35345.353970368,
            "min": 34430.6805800768,
            "max": 77446.89076827577,
            "count": 20
        },
        "Evader.Environment.CumulativeReward.mean": {
            "value": -1926.9440304059535,
            "min": -1926.9440304059535,
            "max": 976.335554725594,
            "count": 20
        },
        "Evader.Environment.CumulativeReward.sum": {
            "value": -61662.20897299051,
            "min": -75740.44215011597,
            "max": 52722.119955182076,
            "count": 20
        },
        "Evader.Policy.ExtrinsicReward.mean": {
            "value": -1926.9440304059535,
            "min": -1926.9440304059535,
            "max": 976.335554725594,
            "count": 20
        },
        "Evader.Policy.ExtrinsicReward.sum": {
            "value": -61662.20897299051,
            "min": -75740.44215011597,
            "max": 52722.119955182076,
            "count": 20
        },
        "Evader.Losses.PolicyLoss.mean": {
            "value": 0.03483835564995254,
            "min": 0.03172148248646408,
            "max": 0.035993950691557045,
            "count": 20
        },
        "Evader.Losses.PolicyLoss.sum": {
            "value": 0.3135452008495728,
            "min": 0.29559241975657646,
            "max": 0.3569799064580973,
            "count": 20
        },