{"count":1,"self":571.9726592,"total":9260.7516146,"children":{"InitializeActuators":{"count":4,"self":0.0019997,"total":0.0019997,"children":null},"InitializeSensors":{"count":4,"self":0.0020016,"total":0.0020016,"children":null},"AgentSendState":{"count":350701,"self":45.9988032,"total":279.4237503,"children":{"CollectObservations":{"count":1402804,"self":130.872896,"total":130.8728923,"children":null},"WriteActionMask":{"count":1402804,"self":8.992739199999999,"total":8.992739,"children":null},"RequestDecision":{"count":1402804,"self":31.101843199999998,"total":93.559316,"children":{"AgentInfo.ToProto":{"count":1402804,"self":26.079103999999997,"total":62.457473699999994,"children":{"GenerateSensorData":{"count":1402804,"self":36.3783712,"total":36.378370499999996,"children":null}}}}}}},"DecideAction":{"count":350701,"self":8395.6097024,"total":8395.609434,"children":null},"AgentAct":{"count":350701,"self":13.3891744,"total":13.4131608,"children":{"AgentInfo.ToProto":{"count":323,"self":0.0090122999999999991,"total":0.0239867,"children":{"GenerateSensorData":{"count":323,"self":0.014974399999999999,"total":0.014974399999999999,"children":null}}}}},"AgentInfo.ToProto":{"count":4325,"self":0.1638908,"total":0.3235802,"children":{"GenerateSensorData":{"count":4325,"self":0.15968939999999998,"total":0.15968939999999998,"children":null}}}},"gauges":{"Car_Behavior.CumulativeReward":{"count":4648,"max":997.723,"min":-207.006363,"runningAverage":381.137726,"value":-5.33552933,"weightedAverage":284.0646}},"metadata":{"timer_format_version":"0.1.0","start_time_seconds":"1663340458","unity_version":"2022.1.6f1","command_line_arguments":"D:\\DevTools\\Unity\\2022.1.6f1\\Editor\\Unity.exe -projectpath D:\\Projects\\Unity\\RL training -useHub -hubIPC -cloudEnvironment production -licensingIpc LicenseClient-yunta -hubSessionId 409dea30-35bf-11ed-86a9-f7f30a140df6 -accessToken 3oN9UES3sZ52tYoz_iFXTRsTz0mqQILw-UrNgd-ecs801ef","communication_protocol_version":"1.5.0","com.unity.ml-agents_version":"2.2.1-exp.1","scene_name":"SampleScene","end_time_seconds":"1663349718"}}