{
    "name": "root",
    "gauges": {
        "Evader.Policy.Entropy.mean": {
            "value": 1.357422113418579,
            "min": 1.3569176197052002,
            "max": 1.4164453744888306,
            "count": 20
        },
        "Evader.Policy.Entropy.sum": {
            "value": 67900.96875,
            "min": 67818.7421875,
            "max": 211782.4375,
            "count": 20
        },
        "Evader.Step.mean": {
            "value": 999959.0,
            "min": 49969.0,
            "max": 999959.0,
            "count": 20
        },
        "Evader.Step.sum": {
            "value": 999959.0,
            "min": 49969.0,
            "max": 999959.0,
            "count": 20
        },
        "Evader.Policy.ExtrinsicValueEstimate.mean": {
            "value": -33.070377349853516,
            "min": -49.692142486572266,
            "max": 156.80345153808594,
            "count": 20
        },
        "Evader.Policy.ExtrinsicValueEstimate.sum": {
            "value": -26820.076171875,
            "min": -40598.48046875,
            "max": 125285.953125,
            "count": 20
        },
        "Evader.Environment.EpisodeLength.mean": {
            "value": 667.2666666666667,
            "min": 531.2307692307693,
            "max": 744.3432835820895,
            "count": 20
        },
        "Evader.Environment.EpisodeLength.sum": {
            "value": 50045.0,
            "min": 48247.0,
            "max": 147964.0,
            "count": 20
        },
        "Evader.Self-play.ELO.mean": {
            "value": 1253.9396952252912,
            "min": 1188.6790110841487,
            "max": 1331.6769514995212,
            "count": 20
        },
        "Evader.Self-play.ELO.sum": {
            "value": 94045.47714189684,
            "min": 82316.03060375743,
            "max": 108533.66507664735,
            "count": 20
        },
        "Evader.Environment.CumulativeReward.mean": {
            "value": -68.91145937701066,
            "min": -410.9318061125465,
            "max": 881.4415608451447,
            "count": 20
        },
        "Evader.Environment.CumulativeReward.sum": {
            "value": -5168.3594532758,
            "min": -32874.54448900372,
            "max": 58175.143015779555,
            "count": 20
        },
        "Evader.Policy.ExtrinsicReward.mean": {
            "value": -68.91145937701066,
            "min": -410.9318061125465,
            "max": 881.4415608451447,
            "count": 20
        },
        "Evader.Policy.ExtrinsicReward.sum": {
            "value": -5168.3594532758,
            "min": -32874.54448900372,
            "max": 58175.143015779555,
            "count": 20
        },
        "Evader.Losses.PolicyLoss.mean": {
            "value": 0.03400683612252275,
            "min": 0.03178255833443944,
            "max": 0.035800116667523973,
            "count": 20
        },
        "Evader.Losses.PolicyLoss.sum": {
            "value": 0.3400683612252275,
            "min": 0.28604302500995493,
            "max": 0.35800116667523973,
            "count": 20
        },
        "Evader.Losses.ValueLoss.mean": {
            "value": 9039.143252766928,
            "min": 5532.888083224827,
            "max": 9807.573937988282,
            "count": 20
        },
        "Evader.Losses.ValueLoss.sum": {
            "value": 90391.43252766927,
            "min": 49795.99274902344,
            "max": 98075.73937988281,
            "count": 20
        },
        "Evader.Policy.LearningRate.mean": {
            "value": 7.6062374646200015e-06,
            "min": 7.6062374646200015e-06,
            "max": 0.00029228560257146667,
            "count": 20
        },
        "Evader.Policy.LearningRate.sum": {
            "value": 7.606237464620001e-05,
            "min": 7.606237464620001e-05,
            "max": 0.0027758475747175,
            "count": 20
        },
        "Evader.Policy.Epsilon.mean": {
            "value": 0.10253538000000002,
            "min": 0.10253538000000002,
            "max": 0.19742853333333335,
            "count": 20
        },
        "Evader.Policy.Epsilon.sum": {
            "value": 1.0253538000000002,
            "min": 0.9668923,
            "max": 1.9252825000000005,
            "count": 20
        },
        "Evader.Policy.Beta.mean": {
            "value": 0.00013651546200000008,
            "min": 0.00013651546200000008,
            "max": 0.004871683813333333,
            "count": 20
        },
        "Evader.Policy.Beta.sum": {
            "value": 0.0013651546200000007,
            "min": 0.0013651546200000007,
            "max": 0.04627159675000001,
            "count": 20
        },
        "Evader.IsTraining.mean": {
            "value": 1.0,
            "min": 1.0,
            "max": 1.0,
            "count": 20
        },
        "Evader.IsTraining.sum": {
            "value": 1.0,
            "min": 1.0,
            "max": 1.0,
            "count": 20
        },
        "Pursuer.Policy.Entropy.mean": {
            "value": 1.4163612127304077,
            "min": 1.4163612127304077,
            "max": 1.4354040622711182,
            "count": 20
        },
        "Pursuer.Policy.Entropy.sum": {
            "value": 70645.265625,
            "min": 70645.265625,
            "max": 215511.53125,
            "count": 20
        },
        "Pursuer.Environment.EpisodeLength.mean": {
            "value": 618.9102564102565,
            "min": 595.297619047619,
            "max": 732.47,
            "count": 20
        },
        "Pursuer.Environment.EpisodeLength.sum": {
            "value": 48275.0,
            "min": 48275.0,
            "max": 146906.0,
            "count": 20
        },
        "Pursuer.Step.mean": {
            "value": 999944.0,
            "min": 49987.0,
            "max": 999944.0,
            "count": 20
        },
        "Pursuer.Step.sum": {
            "value": 999944.0,
            "min": 49987.0,
            "max": 999944.0,
            "count": 20
        },
        "Pursuer.Policy.ExtrinsicValueEstimate.mean": {
            "value": 89.25138092041016,
            "min": -129.64865112304688,
            "max": 130.1432342529297,
            "count": 20
        },
        "Pursuer.Policy.ExtrinsicValueEstimate.sum": {
            "value": 72650.625,
            "min": -103978.21875,
            "max": 105546.1640625,
            "count": 20
        },
        "Pursuer.Self-play.ELO.mean": {
            "value": 1296.0290424625232,
            "min": 1122.8514878481512,
            "max": 1296.0290424625232,
            "count": 20
        },
        "Pursuer.Self-play.ELO.sum": {
            "value": 101090.26531207681,
            "min": 76656.60064086349,
            "max": 105753.90757116432,
            "count": 20
        },
        "Pursuer.Environment.CumulativeReward.mean": {
            "value": 489.5794803697425,
            "min": -645.002635074199,
            "max": 489.5794803697425,
            "count": 20
        },
        "Pursuer.Environment.CumulativeReward.sum": {
            "value": 38187.19946883991,
            "min": -44505.18182011973,
            "max": 38187.19946883991,
            "count": 20
        },
        "Pursuer.Policy.ExtrinsicReward.mean": {
            "value": 489.5794803697425,
            "min": -645.002635074199,
            "max": 489.5794803697425,
            "count": 20
        },
        "Pursuer.Policy.ExtrinsicReward.sum": {
            "value": 38187.19946883991,
            "min": -44505.18182011973,
            "max": 38187.19946883991,
            "count": 20
        },
        "Pursuer.Losses.PolicyLoss.mean": {
            "value": 0.0345148089621216,
            "min": 0.030116060446792593,
            "max": 0.03591579698647061,
            "count": 20
        },
        "Pursuer.Losses.PolicyLoss.sum": {
            "value": 0.345148089621216,
            "min": 0.2934336863070105,
            "max": 0.35705876387655733,
            "count": 20
        },