{
    "name": "root",
    "gauges": {
        "Evader.Policy.Entropy.mean": {
            "value": 0.5610349178314209,
            "min": 0.5610349178314209,
            "max": 1.3938835859298706,
            "count": 20
        },
        "Evader.Policy.Entropy.sum": {
            "value": 28047.2578125,
            "min": 28047.2578125,
            "max": 195897.71875,
            "count": 20
        },
        "Evader.Step.mean": {
            "value": 999941.0,
            "min": 49942.0,
            "max": 999941.0,
            "count": 20
        },
        "Evader.Step.sum": {
            "value": 999941.0,
            "min": 49942.0,
            "max": 999941.0,
            "count": 20
        },
        "Evader.Policy.ExtrinsicValueEstimate.mean": {
            "value": 848.1724243164062,
            "min": 339.7210693359375,
            "max": 848.1724243164062,
            "count": 20
        },
        "Evader.Policy.ExtrinsicValueEstimate.sum": {
            "value": 1198467.625,
            "min": 325792.5,
            "max": 1198467.625,
            "count": 20
        },
        "Evader.Environment.EpisodeLength.mean": {
            "value": 69.80905233380481,
            "min": 69.80905233380481,
            "max": 109.94432071269487,
            "count": 20
        },
        "Evader.Environment.EpisodeLength.sum": {
            "value": 49355.0,
            "min": 49115.0,
            "max": 148210.0,
            "count": 20
        },
        "Evader.Self-play.ELO.mean": {
            "value": 1707.4334928334026,
            "min": 1274.7674875292505,
            "max": 1707.4334928334026,
            "count": 20
        },
        "Evader.Self-play.ELO.sum": {
            "value": 1207155.4794332157,
            "min": 572370.6019006334,
            "max": 1207155.4794332157,
            "count": 20
        },
        "Evader.Environment.CumulativeReward.mean": {
            "value": 1059.3669072371056,
            "min": 889.9150191899596,
            "max": 1059.3669072371056,
            "count": 20
        },
        "Evader.Environment.CumulativeReward.sum": {
            "value": 748972.4034166336,
            "min": 399571.8436162919,
            "max": 748972.4034166336,
            "count": 20
        },
        "Evader.Policy.ExtrinsicReward.mean": {
            "value": 1059.3669072371056,
            "min": 889.9150191899596,
            "max": 1059.3669072371056,
            "count": 20
        },
        "Evader.Policy.ExtrinsicReward.sum": {
            "value": 748972.4034166336,
            "min": 399571.8436162919,
            "max": 748972.4034166336,
            "count": 20
        },
        "Evader.Losses.PolicyLoss.mean": {
            "value": 0.032975568522233524,
            "min": 0.030296693689500293,
            "max": 0.03706185530250271,
            "count": 20
        },
        "Evader.Losses.PolicyLoss.sum": {
            "value": 0.3297556852223352,
            "min": 0.29814187899852795,
            "max": 0.3706185530250271,
            "count": 20
        },
        "Evader.Losses.ValueLoss.mean": {
            "value": 16.377244833310446,
            "min": 13.671911277770997,
            "max": 21367.682918294267,
            "count": 20
        },
        "Evader.Losses.ValueLoss.sum": {
            "value": 163.77244833310445,
            "min": 136.71911277770997,
            "max": 192309.1462646484,
            "count": 20
        },
        "Evader.Policy.LearningRate.mean": {
            "value": 7.141657619480005e-06,
            "min": 7.141657619480005e-06,
            "max": 0.00029227853590715555,
            "count": 20
        },
        "Evader.Policy.LearningRate.sum": {
            "value": 7.141657619480005e-05,
            "min": 7.141657619480005e-05,
            "max": 0.0027759972746676,
            "count": 20
        },
        "Evader.Policy.Epsilon.mean": {
            "value": 0.10238052,
            "min": 0.10238052,
            "max": 0.1974261777777778,
            "count": 20
        },
        "Evader.Policy.Epsilon.sum": {
            "value": 1.0238052,
            "min": 1.0118882,
            "max": 1.9253323999999998,
            "count": 20
        },
        "Evader.Policy.Beta.mean": {
            "value": 0.0001287879480000001,
            "min": 0.0001287879480000001,
            "max": 0.004871566271111111,
            "count": 20
        },
        "Evader.Policy.Beta.sum": {
            "value": 0.001287879480000001,
            "min": 0.001287879480000001,
            "max": 0.04627408676,
            "count": 20
        },
        "Evader.IsTraining.mean": {
            "value": 1.0,
            "min": 1.0,
            "max": 1.0,
            "count": 20
        },
        "Evader.IsTraining.sum": {
            "value": 1.0,
            "min": 1.0,
            "max": 1.0,
            "count": 20
        },
        "Pursuer.Policy.Entropy.mean": {
            "value": 1.3819985389709473,
            "min": 1.3819985389709473,
            "max": 1.4336848258972168,
            "count": 20
        },
        "Pursuer.Policy.Entropy.sum": {
            "value": 68939.6171875,
            "min": 68939.6171875,
            "max": 215019.015625,
            "count": 20
        },
        "Pursuer.Environment.EpisodeLength.mean": {
            "value": 69.96595744680852,
            "min": 69.80236406619386,
            "max": 101.94295532646048,
            "count": 20
        },
        "Pursuer.Environment.EpisodeLength.sum": {
            "value": 49326.0,
            "min": 49296.0,
            "max": 148327.0,
            "count": 20
        },
        "Pursuer.Step.mean": {
            "value": 999973.0,
            "min": 49958.0,
            "max": 999973.0,
            "count": 20
        },
        "Pursuer.Step.sum": {
            "value": 999973.0,
            "min": 49958.0,
            "max": 999973.0,
            "count": 20
        },
        "Pursuer.Policy.ExtrinsicValueEstimate.mean": {
            "value": -845.4764404296875,
            "min": -845.9415893554688,
            "max": -402.8550109863281,
            "count": 20
        },
        "Pursuer.Policy.ExtrinsicValueEstimate.sum": {
            "value": -1192121.75,
            "min": -1192121.75,
            "max": -404869.28125,
            "count": 20
        },
        "Pursuer.Self-play.ELO.mean": {
            "value": 784.0179888927995,
            "min": 784.0179888927995,
            "max": 1065.560971028908,
            "count": 20
        },
        "Pursuer.Self-play.ELO.sum": {
            "value": 552732.6821694237,
            "min": 506937.1734254978,
            "max": 569653.4407524916,
            "count": 20
        },
        "Pursuer.Environment.CumulativeReward.mean": {
            "value": -1056.4331538093006,
            "min": -1057.0897815949886,
            "max": -950.5198479377196,
            "count": 20
        },
        "Pursuer.Environment.CumulativeReward.sum": {
            "value": -744785.3734355569,
            "min": -744785.3734355569,
            "max": -474309.4041209221,
            "count": 20
        },
        "Pursuer.Policy.ExtrinsicReward.mean": {
            "value": -1056.4331538093006,
            "min": -1057.0897815949886,
            "max": -950.5198479377196,
            "count": 20
        },
        "Pursuer.Policy.ExtrinsicReward.sum": {
            "value": -744785.3734355569,
            "min": -744785.3734355569,
            "max": -474309.4041209221,
            "count": 20
        },
        "Pursuer.Losses.PolicyLoss.mean": {
            "value": 0.03150441279479613,
            "min": 0.03150441279479613,
            "max": 0.036298797302103294,
            "count": 20
        },
        "Pursuer.Losses.PolicyLoss.sum": {
            "value": 0.31504412794796127,
            "min": 0.2853023446165025,
            "max": 0.3629879730210329,
            "count": 20
        },